'sugarsweet06', '11 minutes ago', 'Iphone 12 Pro 256GB in Pacific Blue', 'S$780', 'Like new', 'https://www.carousell.sg/p/1219532034'
'vi_mobile', '6 hours ago', 'Used iPhone 12 Pro 128GB Graphite', 'S$680', 'Like new', 'https://www.carousell.sg/p/1219465386'
'nnguyenminh', '49 minutes ago', 'iphone 12 blue', 'S$400', 'Heavily used', 'https://www.carousell.sg/p/1219526418'
'sweetmelody06', '33 minutes ago', 'Iphone 12 Pro 256GB in Pacific Blue', 'S$750', 'Like new', 'https://www.carousell.sg/p/1219528996'
'mobilerelation.com.sg', '5 hours ago', '„ÄêOXLEY„Äë iPhone 12 256GB Black #3353 „ÄåWithout Box $20 Discounted„Äç', 'S$589', 'Lightly used', 'https://www.carousell.sg/p/1219479441'
'vi_mobile', '7 hours ago', 'Used iPhone 12 128GB Blue', 'S$560', 'Lightly used', 'https://www.carousell.sg/p/1219459111'
'crazygirlloveshop', '4 minutes ago', 'iPhone 12 pro dual sim 256 pacific blue', 'S$850', 'Like new', 'https://www.carousell.sg/p/1219532815'
'muveck', '2 months ago', 'iPhone 12 box green together apple sticker', 'S$10', 'Like new', 'https://www.carousell.sg/p/1207884990'
'justbeingivy', '2 months ago', 'iPhone 12 Pro 256GB Graphite', 'S$680', 'Like new', 'https://www.carousell.sg/p/1207876616'
'dec.t', '2 hours ago', 'iPhone 12 - White (128GB)', 'S$585', 'Lightly used', 'https://www.carousell.sg/p/1219515599'
'nxxm_syxhh', '1 hour ago', 'iPhone 12 Pro 128GB', 'S$800', 'Lightly used', 'https://www.carousell.sg/p/1219521184'
'songbird67', '2 hours ago', 'iPhone 12', 'S$520', 'Like new', 'https://www.carousell.sg/p/1219510548'
'blvck1', '2 hours ago', 'iPhone 12 128GB', 'S$430', 'Heavily used', 'https://www.carousell.sg/p/1219512044'
'CarousellMobile', '7 hours ago', 'iPhone 12 128GB Black', 'S$590', 'Lightly used', 'https://www.carousell.sg/p/1219450126'
'ji_hyun', '2 hours ago', 'iPhone 12 Pro 128GB', 'S$650', 'Like new', 'https://www.carousell.sg/p/1219512775'
'Chocomelts', '27 minutes ago', 'iPhone 12 pro max 512', 'S$900', 'Lightly used', 'https://www.carousell.sg/p/1219529922'
'keliney', '3 hours ago', 'iPhone 12 128gb', 'S$550', 'Lightly used', 'https://www.carousell.sg/p/1219497194'
'jhpohhh', '3 hours ago', 'iPhone 12 256GB White', 'S$600', 'Like new', 'https://www.carousell.sg/p/1219498367'
'CarousellMobile', '8 hours ago', 'iPhone 12 128GB White', 'S$590', 'Lightly used', 'https://www.carousell.sg/p/1219440390'
'mistermobile', '5 hours ago', 'iPhone 12 64 64GB Blue Local Used Set', 'S$568', 'Like new', 'https://www.carousell.sg/p/1219475690'
'eunice_jh', '1 hour ago', 'iPhone 12 Pro Max 256GB', 'S$850', 'Lightly used', 'https://www.carousell.sg/p/1219520448'
'mobilerelation.com.sg', '3 hours ago', 'iPhone 12 Pro Max 256GB Blue #2622', 'S$799', 'Lightly used', 'https://www.carousell.sg/p/1219498568'
'unclelim1950', '5 hours ago', 'iPhone 12 128gb', 'S$440', 'Lightly used', 'https://www.carousell.sg/p/1219475325'
'passionfatloss', '2 hours ago', 'iPhone 12 Pro Max 256 Gb', 'S$650', 'Lightly used', 'https://www.carousell.sg/p/1219513944'
'CarousellMobile', '4 hours ago', 'iPhone 12 Pro 256GB Pacific Blue', 'S$754', 'Like new', 'https://www.carousell.sg/p/1219036736'
'CarousellMobile', '4 hours ago', 'iPhone 12 Pro 256GB Gold', 'S$754', 'Like new', 'https://www.carousell.sg/p/1218209842'
'yingyi1314', '4 hours ago', 'Black iphone 12', 'S$680', 'Lightly used', 'https://www.carousell.sg/p/1219493643'
'rasool_jr11', '3 hours ago', 'iPhone 12', 'S$550', 'Well used', 'https://www.carousell.sg/p/1219496374'
'CarousellMobile', '4 hours ago', 'iPhone 12 Pro 128GB Graphite', 'S$710', 'Lightly used', 'https://www.carousell.sg/p/1219022182'
'CarousellMobile', '4 hours ago', 'iPhone 12 Pro Max 256GB Pacific Blue', 'S$844', 'Like new', 'https://www.carousell.sg/p/1219070603'
'gldysm', '3 hours ago', 'Iphone 12 pro 256 GB', 'S$800', 'Lightly used', 'https://www.carousell.sg/p/1219499438'
'mistermobile', '8 hours ago', 'iPhone 12 128 128GB Blue Local Used', 'S$618', 'Like new', 'https://www.carousell.sg/p/1219445756'
'CarousellMobile', '4 hours ago', 'iPhone 12 Pro Max 256GB Pacific Blue', 'S$839', 'Lightly used', 'https://www.carousell.sg/p/1219207338'
'CarousellMobile', '4 hours ago', 'iPhone 12 Pro Max 128GB Pacific Blue', 'S$790', 'Lightly used', 'https://www.carousell.sg/p/1218470723'
'mobilerelation.com.sg', '5 hours ago', '{Kensington} Apple iPhone 12 Pro 128GB Silver #1307', 'S$649', 'Well used', 'https://www.carousell.sg/p/1219479259'
'matthiasan', '5 hours ago', 'iPhone 12 256GB Black Battery 100%', 'S$630', 'S$668', 'Lightly used', 'https://www.carousell.sg/p/1218043380'
'CarousellMobile', '4 hours ago', 'iPhone 12 Pro Max', 'S$795', 'Like new', 'https://www.carousell.sg/p/1218976717'
'CarousellMobile', '4 hours ago', 'iPhone 12 Pro 128GB Pacific Blue', 'S$715', 'Like new', 'https://www.carousell.sg/p/1218407921'
'mobilerelation.com.sg', '4 hours ago', '{Kensington} Apple iPhone 12 Pro 128GB Silver | Battery Health 88% #1311', 'S$709', 'Lightly used', 'https://www.carousell.sg/p/1219488314'
'allmyusedstuff', '4 hours ago', 'iPhone 12 256 GB Blue', 'S$600', 'Lightly used', 'https://www.carousell.sg/p/1219488937'
'CarousellMobile', '4 hours ago', 'iPhone 12 Pro Max 256GB Pacific Blue', 'S$844', 'Like new', 'https://www.carousell.sg/p/1219222978'
'CarousellMobile', '4 hours ago', 'iPhone 12 128GB Black', 'S$535', 'Well used', 'https://www.carousell.sg/p/1218081896'
'thestyloshop_', '3 hours ago', 'üî¥ IPhone 12 (128GB) üî¥ Please read the description.', 'S$530', 'Lightly used', 'https://www.carousell.sg/p/1219504696'
'mobilerelation.com.sg', '4 hours ago', 'iPhone 12 Pro Max 512GB Blue #2620', 'S$849', 'Lightly used', 'https://www.carousell.sg/p/1219491418'
'CarousellMobile', '4 hours ago', 'iPhone 12 64GB White', 'S$534', 'Like new', 'https://www.carousell.sg/p/1218289077'
'CarousellMobile', '4 hours ago', 'iPhone 12 Pro Max 128GB Graphite', 'S$795', 'Like new', 'https://www.carousell.sg/p/1219019381'
'city_cell', '2 months ago', 'iPhone 12 Pro Max 256GB', 'S$1,050', 'Like new', 'https://www.carousell.sg/p/1207768796'
'gipgip', '2 hours ago', 'iPhone 12 Pro Max - Graphite - 128GB', 'S$800', 'Like new', 'https://www.carousell.sg/p/1219509440'
'CarousellMobile', '4 hours ago', 'iPhone 12 128GB White', 'S$595', 'Like new', 'https://www.carousell.sg/p/1218264766'
'CarousellMobile', '4 hours ago', 'iPhone 12 Pro 128GB Pacific Blue', 'S$715', 'Like new', 'https://www.carousell.sg/p/1218473945'
'ricecake52', '5 hours ago', 'iPhone 12 mini 128gb', 'S$520', 'Lightly used', 'https://www.carousell.sg/p/1219477776'
'michaelcys96', '6 hours ago', 'APPLE iPhone 12 5G, Blue, 128GB, #CM23603', 'S$549', 'Lightly used', 'https://www.carousell.sg/p/1219466994'
'CarousellMobile', '4 hours ago', 'iPhone 12 Pro Max 128GB Graphite', 'S$795', 'Like new', 'https://www.carousell.sg/p/1219243994'
'CarousellMobile', '4 hours ago', 'iPhone 12 Pro Max 128GB Pacific Blue', 'S$716', 'Well used', 'https://www.carousell.sg/p/1218421099'
'i_am_supper_man', '5 hours ago', 'iPhone 12 Pro Max 256gb', 'S$850', 'Like new', 'https://www.carousell.sg/p/1219476497'
'mobilerelation.com.sg', '4 hours ago', '{Kensington} Apple iPhone 12 Pro 512GB Graphite #1309', 'S$779', 'Lightly used', 'https://www.carousell.sg/p/1219484566'
'CarousellMobile', '4 hours ago', 'iPhone 12 Pro 128GB Graphite', 'S$715', 'Like new', 'https://www.carousell.sg/p/1218404984'
'CarousellMobile', '4 hours ago', 'iPhone 12 Pro Max 256GB Pacific Blue', 'S$839', 'Lightly used', 'https://www.carousell.sg/p/1219075528'
'fiqachu', '6 hours ago', 'Iphone 12', 'S$500', 'Lightly used', 'https://www.carousell.sg/p/1219464531'
'_rrew', '4 hours ago', 'iPhone 12 Pro 256GB', 'S$800', 'Well used', 'https://www.carousell.sg/p/1219484901'
'CarousellMobile', '4 hours ago', 'iPhone 12 Pro 128GB Graphite', 'S$715', 'Like new', 'https://www.carousell.sg/p/1218402709'
'CarousellMobile', '4 hours ago', 'iPhone 12 Pro Max 128GB Pacific Blue', 'S$795', 'Like new', 'https://www.carousell.sg/p/1218460324'
'mistermobile', '7 hours ago', 'iPhone 12 Pro Max 128 128GB Silver Dual Sim Export Used', 'S$848', 'Like new', 'https://www.carousell.sg/p/1219458839'
'mobilerelation.com.sg', '10 hours ago', 'iPhone 12 64gb Purple #2547', 'S$499', 'Heavily used', 'https://www.carousell.sg/p/1219416237'
'CarousellMobile', '4 hours ago', 'iPhone 12 Pro 128GB White', 'S$710', 'Lightly used', 'https://www.carousell.sg/p/1216864320'
'CarousellMobile', '4 hours ago', 'iPhone 12 128GB Green', 'S$590', 'Lightly used', 'https://www.carousell.sg/p/1216553924'
'april888888', '9 hours ago', 'iPhone 12 (256)', 'S$550', 'Like new', 'https://www.carousell.sg/p/1219430978'
'mistermobile', '5 hours ago', 'iPhone 12 Pro Max 256 256GB Gold Used Local Set', 'S$898', 'Like new', 'https://www.carousell.sg/p/1219473565'
'CarousellMobile', '4 hours ago', 'iPhone 12 256GB Blue', 'S$629', 'Lightly used', 'https://www.carousell.sg/p/1217886049'
'CarousellMobile', '4 hours ago', 'iPhone 12 Pro Max 128GB Graphite', 'S$795', 'Like new', 'https://www.carousell.sg/p/1218991674'
'mistermobile', '7 hours ago', 'iPhone 12 Pro 256 256GB Pacific Blue Local Used Set', 'S$828', 'Like new', 'https://www.carousell.sg/p/1219459497'
'mobilerelation.com.sg', '8 hours ago', 'iPhone 12 Pro Max 128GB Silver #2607', 'S$779', 'Lightly used', 'https://www.carousell.sg/p/1219439742'
'CarousellMobile', '4 hours ago', 'iPhone 12 128GB Blue', 'S$595', 'Like new', 'https://www.carousell.sg/p/1218248933'
'CarousellMobile', '4 hours ago', 'iPhone 12 128GB Pacific Blue', 'S$595', 'Like new', 'https://www.carousell.sg/p/1217838841'
'yuki_jong', '4 hours ago', 'IPhone 12 Pro 256GB | Battery 89%', 'S$719', 'Lightly used', 'https://www.carousell.sg/p/1219488553'
'jon72', '7 hours ago', 'iPhone 12 mini 64gb', 'S$500', 'Like new', 'https://www.carousell.sg/p/1219458695'
'CarousellMobile', '4 hours ago', 'iPhone 12 Mini 128GB Black', 'S$549', 'Lightly used', 'https://www.carousell.sg/p/1218077370'
'CarousellMobile', '4 hours ago', 'iPhone 12 Pro 128GB Pacific Blue', 'S$715', 'Like new', 'https://www.carousell.sg/p/1218402609'
'lyashafff', '7 hours ago', 'iphone 12 Pro - 128GB', 'S$630', 'Lightly used', 'https://www.carousell.sg/p/1219460237'
'mobilerelation.com.sg', '9 hours ago', 'iPhone 12 mini 64GB Blue [Korea Set] #2550', 'S$439', 'Like new', 'https://www.carousell.sg/p/1219430083'
'CarousellMobile', '4 hours ago', 'iPhone 12 Pro 256GB Pacific Blue', 'S$754', 'Like new', 'https://www.carousell.sg/p/1219039685'
'CarousellMobile', '4 hours ago', 'iPhone 12 Pro Max 128GB Pacific Blue', 'S$790', 'Lightly used', 'https://www.carousell.sg/p/1216730559'
'koolkit', '8 hours ago', 'Used iPhone 12', 'S$500', 'Well used', 'https://www.carousell.sg/p/1219307290'
'mobilerelation.com.sg', '11 hours ago', '„ÄêOXLEY„Äë iPhone 12 128GB Green „ÄåLike New„Äç #2890', 'S$599', 'Like new', 'https://www.carousell.sg/p/1219410637'
'CarousellMobile', '4 hours ago', 'iPhone 12 Pro Max 256GB Pacific Blue', 'S$839', 'Lightly used', 'https://www.carousell.sg/p/1219077823'
'CarousellMobile', '4 hours ago', 'iPhone 12 Pro Max 128GB Silver', 'S$795', 'Like new', 'https://www.carousell.sg/p/1218411379'
'jay3666', '9 hours ago', 'Iphone 12 Green 64 GB', 'S$450', 'Lightly used', 'https://www.carousell.sg/p/1219432213'
'alan8587', '8 hours ago', 'Iphone 12 64gb #7175', 'S$550', 'Lightly used', 'https://www.carousell.sg/p/1219438344'
'CarousellMobile', '4 hours ago', 'iPhone 12 Pro Max 256GB Graphite', 'S$844', 'Like new', 'https://www.carousell.sg/p/1219000637'
'CarousellMobile', '4 hours ago', 'iPhone 12 Pro Max 256GB Gold', 'S$844', 'Like new', 'https://www.carousell.sg/p/1219196419'
'mistermobile', '8 hours ago', 'iPhone 12 Pro 256 256GB Pacific Blue Local Used Set', 'S$828', 'Like new', 'https://www.carousell.sg/p/1219437862'
'mobilerelation.com.sg', '9 hours ago', '{Kensington} Apple iPhone 12 Pro 256GB Gold | Battery Health 86% #1301', 'S$729', 'Lightly used', 'https://www.carousell.sg/p/1219436591'
'CarousellMobile', '4 hours ago', 'iPhone 12 128GB Blue', 'S$595', 'Like new', 'https://www.carousell.sg/p/1218217829'
'CarousellMobile', '4 hours ago', 'iPhone 12 Pro Max 128GB Gold', 'S$795', 'Like new', 'https://www.carousell.sg/p/1218216713'
'dynamo.bomb', '5 hours ago', 'IPHONE 12 PRO MAX 128GB', 'S$800', 'Lightly used', 'https://www.carousell.sg/p/1219474515'
'mistermobile', '8 hours ago', 'iPhone 12 Pro Max 128 128GB Silver Export Used', 'S$828', 'Like new', 'https://www.carousell.sg/p/1219448941'
'CarousellMobile', '4 hours ago', 'iPhone 12 Pro Max 128GB Pacific Blue', 'S$795', 'Like new', 'https://www.carousell.sg/p/1218204584'
'CarousellMobile', '4 hours ago', 'iPhone 12 Pro Max 256GB Pacific Blue', 'S$839', 'Lightly used', 'https://www.carousell.sg/p/1214446137'
'mistermobile', '7 hours ago', 'iPhone 12 Pro Max 256 256GB Pacific Blue Local Used Set', 'S$918', 'Like new', 'https://www.carousell.sg/p/1219452936'
'mobilerelation.com.sg', '11 hours ago', '„ÄêOXLEY„ÄëiPhone 12 64GB Purple „ÄåPerfect Condition„Äç #3360', 'S$589', 'Like new', 'https://www.carousell.sg/p/1219409548'
'CarousellMobile', '4 hours ago', 'iPhone 12 Pro 256GB Pacific Blue', 'S$749', 'Lightly used', 'https://www.carousell.sg/p/1218986554'
'CarousellMobile', '4 hours ago', 'iPhone 12 Pro Max 128GB Pacific Blue', 'S$795', 'Like new', 'https://www.carousell.sg/p/1218473272'
'rannrac', '8 hours ago', 'iPhone 12 Pro Max', 'S$860', 'Lightly used', 'https://www.carousell.sg/p/1219441521'
'mobilerelation.com.sg', '11 hours ago', '„ÄêOXLEY„Äë iPhone 12 256GB White „ÄåLike New „Äç #2822', 'S$639', 'Like new', 'https://www.carousell.sg/p/1219409929'
'CarousellMobile', '4 hours ago', 'iPhone 12 Pro Max 512GB Pacific Blue', 'S$895', 'Like new', 'https://www.carousell.sg/p/1219064130'
'CarousellMobile', '4 hours ago', 'iPhone 12 Pro Max 128GB Pacific Blue', 'S$795', 'Like new', 'https://www.carousell.sg/p/1219061451'
'mistyislandxx', '6 hours ago', 'iphone 12 pro max 128GB', 'S$800', 'Lightly used', 'https://www.carousell.sg/p/1219468962'
'mistermobile', '6 hours ago', 'iPhone 12 Pro Max 512 512GB Pacific Blue Used Local Set', 'S$968', 'Like new', 'https://www.carousell.sg/p/1219461512'
'CarousellMobile', '4 hours ago', 'iPhone 12 256GB Red', 'S$634', 'Like new', 'https://www.carousell.sg/p/1218278884'
'CarousellMobile', '4 hours ago', 'iPhone 12 Pro Max 256GB Gold', 'S$844', 'Like new', 'https://www.carousell.sg/p/1219029335'
'gwmobile.sg', '5 hours ago', 'IPHONE 12 PRO MAX 256GB BLUE 13365', 'S$879', 'Like new', 'https://www.carousell.sg/p/1219473295'
'mistermobile', '10 hours ago', 'iPhone 12 64 64GB Purple Local Used Set', 'S$578', 'Like new', 'https://www.carousell.sg/p/1219421115'
'CarousellMobile', '4 hours ago', 'iPhone 12 Pro Max 128GB Gold', 'S$795', 'Like new', 'https://www.carousell.sg/p/1218439294'
'CarousellMobile', '4 hours ago', 'iPhone 12 Pro Max 128GB Graphite', 'S$795', 'Like new', 'https://www.carousell.sg/p/1219060307'
'mistermobile', '12 hours ago', 'iPhone 12 128 128GB Blue Local Used Set', 'S$618', 'Like new', 'https://www.carousell.sg/p/1219399764'
'mobilerelation.com.sg', '12 hours ago', '„ÄêOXLEY„Äë iPhone 12 256GB Green #3363', 'S$579', 'Lightly used', 'https://www.carousell.sg/p/1219399842'
'CarousellMobile', '4 hours ago', 'iPhone 12 Pro Max 256GB Pacific Blue', 'S$844', 'Like new', 'https://www.carousell.sg/p/1219058493'
'CarousellMobile', '4 hours ago', 'iPhone 12 Pro 512GB', 'S$814', 'Like new', 'https://www.carousell.sg/p/1218981419'
'simplyArt', '8 hours ago', 'iPhone 12 Pro 256GB Black', 'S$750', 'Like new', 'https://www.carousell.sg/p/1219448777'
'mistermobile', '10 hours ago', 'iPhone 12 Pro 256 256GB Pacific Blue Local Used Set', 'S$828', 'Like new', 'https://www.carousell.sg/p/1219419422'
'CarousellMobile', '4 hours ago', 'iPhone 12 Mini 128GB Blue', 'S$549', 'Lightly used', 'https://www.carousell.sg/p/1215771804'
'CarousellMobile', '4 hours ago', 'iPhone 12 Pro Max 128GB Gold', 'S$795', 'Like new', 'https://www.carousell.sg/p/1218475606'
'qwerty1', '6 hours ago', 'Iphone 12 Pro Max 256Gb Space Grey', 'S$850', 'Like new', 'https://www.carousell.sg/p/1219461502'
'sabspore', '8 hours ago', 'iPhone 12 Pro 256GB', 'S$750', 'Like new', 'https://www.carousell.sg/p/1219440094'
'CarousellMobile', '4 hours ago', 'iPhone 12 128GB White', 'S$595', 'Like new', 'https://www.carousell.sg/p/1216744941'
'CarousellMobile', '4 hours ago', 'iPhone 12 128GB Black', 'S$590', 'Lightly used', 'https://www.carousell.sg/p/1218079461'
'mobilerelation.com.sg', '11 hours ago', 'iPhone 12 Pro 128GB Silver (Back Cracked)#2542', 'S$649', 'Heavily used', 'https://www.carousell.sg/p/1219406709'
'mobilerelation.com.sg', '12 hours ago', '„ÄêOXLEY„Äë iPhone 12 128GB Blue „ÄåBattery Health 88%„Äç #3061', 'S$589', 'Lightly used', 'https://www.carousell.sg/p/1219399134'
'CarousellMobile', '4 hours ago', 'iPhone 12 Pro 256GB Pacific Blue', 'S$749', 'Lightly used', 'https://www.carousell.sg/p/1218394489'
'CarousellMobile', '4 hours ago', 'iPhone 12 Pro Max 256GB Pacific Blue', 'S$839', 'Lightly used', 'https://www.carousell.sg/p/1219072719'
'henrymobile', '9 hours ago', 'Apple iphone 12 pro max 256gb', 'S$840', 'Like new', 'https://www.carousell.sg/p/1219435898'
'darius_mobile', '9 hours ago', 'Apple iphone 12 pro max 256gb', 'S$840', 'Like new', 'https://www.carousell.sg/p/1219435526'
'CarousellMobile', '4 hours ago', 'iPhone 12 mini 128GB Black', 'S$499', 'Well used', 'https://www.carousell.sg/p/1215585779'
'CarousellMobile', '4 hours ago', 'iPhone 12 Pro Max 128GB', 'S$795', 'Like new', 'https://www.carousell.sg/p/1218994150'
'mobilerelation.com.sg', '12 hours ago', '„ÄêOXLEY„Äë iPhone 12 256GB Blue „Äå Battery Health 88% „Äç #2755', 'S$639', 'Like new', 'https://www.carousell.sg/p/1219399480'
'mobilerelation.com.sg', '11 hours ago', 'iPhone 12 Mini 256GB Blue #2496', 'S$529', 'Lightly used', 'https://www.carousell.sg/p/1219409687'
'CarousellMobile', '4 hours ago', 'iPhone 12 128GB Green', 'S$595', 'Like new', 'https://www.carousell.sg/p/1218280793'
'CarousellMobile', '4 hours ago', 'iPhone 12 Pro Max 256GB Pacific Blue', 'S$839', 'Lightly used', 'https://www.carousell.sg/p/1218996831'
'mistermobile', '10 hours ago', 'iPhone 12 Pro Max 256 256GB Pacific Blue Local Used Set', 'S$898', 'Like new', 'https://www.carousell.sg/p/1219417630'
'mistermobile', '9 hours ago', 'iPhone 12 Pro Max 256 256GB Graphite Local Used', 'S$918', 'Like new', 'https://www.carousell.sg/p/1219426620'
'CarousellMobile', '4 hours ago', 'iPhone 12 Pro Max 256GB Pacific Blue', 'S$839', 'Lightly used', 'https://www.carousell.sg/p/1219264223'
'CarousellMobile', '4 hours ago', 'iPhone 12 Pro Max 512 GB Pacific Blue', 'S$806', 'Well used', 'https://www.carousell.sg/p/1219226219'
'mobilerelation.com.sg', '11 hours ago', '„ÄêOXLEY„Äë iPhone 12 Pro 256GB Pacific Blue #3232', 'S$759', 'Like new', 'https://www.carousell.sg/p/1219409121'
'shuxian.goh82690', '9 hours ago', 'iPhone 12 Pro Max 256GB Pacific Blue', 'S$900', 'Lightly used', 'https://www.carousell.sg/p/1219433212'
'CarousellMobile', '4 hours ago', 'iPhone 12 Pro Max Pacific Blue', 'S$839', 'Lightly used', 'https://www.carousell.sg/p/1219217569'
'CarousellMobile', '4 hours ago', 'iPhone 12 Pro Max 256GB Pacific Blue', 'S$760', 'Well used', 'https://www.carousell.sg/p/1218998454'
'hotcrossbunn', '12 hours ago', 'iPhone 12 128GB', 'S$550', 'Lightly used', 'https://www.carousell.sg/p/1219392727'
'littlemisscarou', '11 hours ago', 'iPhone 12 258GB Blue', 'S$550', 'S$610', 'Well used', 'https://www.carousell.sg/p/1207971350'
'CarousellMobile', '4 hours ago', 'iPhone 12 Pro 256GB', 'S$754', 'Like new', 'https://www.carousell.sg/p/1219240164'
'CarousellMobile', '4 hours ago', 'iPhone 12 64GB Green', 'S$534', 'Like new', 'https://www.carousell.sg/p/1218226757'
'geepy.yippy', '12 hours ago', 'iPhone 12 128GB', 'S$560', 'Like new', 'https://www.carousell.sg/p/1219399451'
'mobilerelation.com.sg', '12 hours ago', '„ÄêOXLEY„Äë „Äå Dual Sim HK Set „ÄçiPhone 12 Pro 128GB Gold 85% Battery Health HK Set #2463', 'S$759', 'Like new', 'https://www.carousell.sg/p/1219400141'
'CarousellMobile', '4 hours ago', 'iPhone 12 Pro Max 256GB Gold', 'S$839', 'Lightly used', 'https://www.carousell.sg/p/1219049551'
'CarousellMobile', '4 hours ago', 'iPhone 12 128GB Red', 'S$590', 'Lightly used', 'https://www.carousell.sg/p/1217920721'
'jaser53', '13 hours ago', 'Iphone 12 black', 'S$550', 'Lightly used', 'https://www.carousell.sg/p/1219390630'
'ashraf270987', '8 hours ago', 'UAG iPhone 12 black casing', 'S$10', 'Brand new', 'https://www.carousell.sg/p/1219443143'
'CarousellMobile', '4 hours ago', 'iPhone 12 256GB Purple', 'S$629', 'Lightly used', 'https://www.carousell.sg/p/1216521643'
'CarousellMobile', '4 hours ago', 'iPhone 12 Pro Max Graphite', 'S$795', 'Like new', 'https://www.carousell.sg/p/1218974894'
'mobilerelation.com.sg', '10 hours ago', 'iPhone 12 Pro Max 128GB Gold #2498', 'S$759', 'Lightly used', 'https://www.carousell.sg/p/1219414130'
'mistermobile', '10 hours ago', 'iPhone 12 Pro Max 256 256GB Pacific Blue Used Local Set', 'S$918', 'Like new', 'https://www.carousell.sg/p/1219416721'
'CarousellMobile', '4 hours ago', 'iPhone 12 Pro Max 256GB Gold', 'S$839', 'Lightly used', 'https://www.carousell.sg/p/1219205182'
'CarousellMobile', '4 hours ago', 'iPhone 12 Pro Max 128GB Pacific Blue', 'S$795', 'Like new', 'https://www.carousell.sg/p/1219261197'
'woaini11212241014', '11 hours ago', 'iPhone 12 Pro Max 128GB', 'S$790', 'Like new', 'https://www.carousell.sg/p/1219403055'
'jungjung7777', '11 hours ago', 'Iphone 12 pro max 128gb', 'S$750', 'Lightly used', 'https://www.carousell.sg/p/1219403049'
'CarousellMobile', '4 hours ago', 'iPhone 12 128GB Black', 'S$590', 'Lightly used', 'https://www.carousell.sg/p/1217841101'
'CarousellMobile', '4 hours ago', 'iPhone 12 Pro 128GB Pacific Blue', 'S$715', 'Like new', 'https://www.carousell.sg/p/1218408605'
'mistermobile', '11 hours ago', 'iPhone 12 Pro Max 256 256GB Graphite Used Local', 'S$898', 'Like new', 'https://www.carousell.sg/p/1219401691'
'alan8587', '12 hours ago', 'Iphone 12 64gb #0439', 'S$550', 'Lightly used', 'https://www.carousell.sg/p/1219395810'
'CarousellMobile', '4 hours ago', 'iPhone 12 128GB Blue', 'S$595', 'Like new', 'https://www.carousell.sg/p/1218072141'
'CarousellMobile', '4 hours ago', 'iPhone 12 Pro Max 128GB Graphite', 'S$795', 'Like new', 'https://www.carousell.sg/p/1218211889'
'alan8587', '12 hours ago', 'iPhone 12 Pro 256gb #4091', 'S$770', 'Like new', 'https://www.carousell.sg/p/1219398323'
'mistermobile', '13 hours ago', 'iPhone 12 Pro Max 512 512GB Gold Used Local Set', 'S$978', 'Like new', 'https://www.carousell.sg/p/1219390359'
'CarousellMobile', '4 hours ago', 'iPhone 12 Pro Max 256GB Gold', 'S$839', 'Lightly used', 'https://www.carousell.sg/p/1219042696'
'CarousellMobile', '4 hours ago', 'iPhone 12 Pro Max 128GB Pacific Blue', 'S$795', 'Like new', 'https://www.carousell.sg/p/1218220310'
'mistermobile', '12 hours ago', 'iPhone 12 Pro Max 512 512GB Pacific Blue Used Local Set', 'S$978', 'Like new', 'https://www.carousell.sg/p/1219391209'
'mistermobile', '13 hours ago', 'iPhone 12 64 64GB Blue Local Used Set', 'S$568', 'Like new', 'https://www.carousell.sg/p/1219386625'
'CarousellMobile', '4 hours ago', 'iPhone 12 Pro 256GB', 'S$754', 'Like new', 'https://www.carousell.sg/p/1219042906'
'CarousellMobile', '4 hours ago', 'iPhone 12 128GB White', 'S$590', 'Lightly used', 'https://www.carousell.sg/p/1217835888'
'CarousellMobile', '4 hours ago', 'iPhone 12 Mini 64GB Black', 'S$463', 'Well used', 'https://www.carousell.sg/p/1216479526'
'CarousellMobile', '4 hours ago', 'iPhone 12 Pro 256GB Pacific Blue', 'S$749', 'Lightly used', 'https://www.carousell.sg/p/1218980738'
'CarousellMobile', '4 hours ago', 'iPhone 12 Pro Max 256GB Pacific Blue', 'S$839', 'Lightly used', 'https://www.carousell.sg/p/1219063697'
'CarousellMobile', '4 hours ago', 'iPhone 12 Pro 256GB Gold', 'S$754', 'Like new', 'https://www.carousell.sg/p/1218988891'
'CarousellMobile', '4 hours ago', 'iPhone 12 Pro 128GB Pacific Blue', 'S$710', 'Lightly used', 'https://www.carousell.sg/p/1219196265'
'CarousellMobile', '4 hours ago', 'iPhone 12 Pro Max 128GB Pacific Blue', 'S$795', 'Like new', 'https://www.carousell.sg/p/1219026086'
'CarousellMobile', '4 hours ago', 'iPhone 12 Pro Max 128GB Pacific Blue', 'S$795', 'Like new', 'https://www.carousell.sg/p/1217815222'
'CarousellMobile', '4 hours ago', 'iPhone 12 Pro 128GB Pacific Blue', 'S$715', 'Like new', 'https://www.carousell.sg/p/1218462730'
'CarousellMobile', '4 hours ago', 'iPhone 12 128GB White', 'S$595', 'Like new', 'https://www.carousell.sg/p/1218022147'
'CarousellMobile', '4 hours ago', 'iPhone 12 Pro Max 256GB Pacific Blue', 'S$844', 'Like new', 'https://www.carousell.sg/p/1218069780'
'CarousellMobile', '4 hours ago', 'iPhone 12 256GB Blue', 'S$634', 'Like new', 'https://www.carousell.sg/p/1219178476'
'CarousellMobile', '4 hours ago', 'iPhone 12 Pro 128GB Pacific Blue', 'S$715', 'Like new', 'https://www.carousell.sg/p/1218389555'
'CarousellMobile', '4 hours ago', 'iPhone 12 128GB White', 'S$595', 'Like new', 'https://www.carousell.sg/p/1218081912'
'CarousellMobile', '4 hours ago', 'iPhone 12 128GB Blue', 'S$595', 'Like new', 'https://www.carousell.sg/p/1218084139'
'CarousellMobile', '4 hours ago', 'iPhone 12 128GB Black', 'S$595', 'Like new', 'https://www.carousell.sg/p/1218289777'
'CarousellMobile', '4 hours ago', 'iPhone 12 Pro Max 128GB Gold', 'S$795', 'Like new', 'https://www.carousell.sg/p/1218474849'
'CarousellMobile', '4 hours ago', 'iPhone 12 Pro Max 128GB Graphite', 'S$795', 'Like new', 'https://www.carousell.sg/p/1218214398'
'CarousellMobile', '4 hours ago', 'iPhone 12 Pro Max 256GB Graphite', 'S$839', 'Lightly used', 'https://www.carousell.sg/p/1219032891'
'CarousellMobile', '4 hours ago', 'iPhone 12 128GB Black', 'S$595', 'Like new', 'https://www.carousell.sg/p/1218226377'
'CarousellMobile', '4 hours ago', 'iPhone 12 Pro Max 128GB Pacific Blue', 'S$795', 'Like new', 'https://www.carousell.sg/p/1218994193'
'CarousellMobile', '4 hours ago', 'iPhone 12 Pro Max 128GB Pacific Blue', 'S$790', 'Lightly used', 'https://www.carousell.sg/p/1218467411'
'CarousellMobile', '4 hours ago', 'iPhone 12 Pro 256GB Graphite', 'S$754', 'Like new', 'https://www.carousell.sg/p/1219033673'
'CarousellMobile', '4 hours ago', 'iPhone 12 64GB Blue', 'S$529', 'Lightly used', 'https://www.carousell.sg/p/1218278785'
'CarousellMobile', '4 hours ago', 'iPhone 12 Pro 128GB Pacific Blue', 'S$715', 'Like new', 'https://www.carousell.sg/p/1218406036'
'CarousellMobile', '4 hours ago', 'iPhone 12 Pro Max 256GB', 'S$844', 'Like new', 'https://www.carousell.sg/p/1219198853'
'CarousellMobile', '4 hours ago', 'iPhone 12 Pro Max 128GB Silver', 'S$795', 'Like new', 'https://www.carousell.sg/p/1219030257'
'CarousellMobile', '4 hours ago', 'iPhone 12 Pro 128GB Graphite', 'S$715', 'Like new', 'https://www.carousell.sg/p/1218471851'
'CarousellMobile', '4 hours ago', 'iPhone 12 Pro Max 256GB Gold', 'S$839', 'Lightly used', 'https://www.carousell.sg/p/1219057957'
'CarousellMobile', '4 hours ago', 'iPhone 12 Pro 128GB Pacific Blue', 'S$715', 'Like new', 'https://www.carousell.sg/p/1218454048'
'CarousellMobile', '4 hours ago', 'iPhone 12 Pro Max 128GB Graphite', 'S$795', 'Like new', 'https://www.carousell.sg/p/1218419261'
'CarousellMobile', '9 hours ago', 'iPhone 12 256GB Blue', 'S$634', 'Like new', 'https://www.carousell.sg/p/1219435347'
'CarousellMobile', '9 hours ago', 'iPhone 12 128GB Black', 'S$595', 'Like new', 'https://www.carousell.sg/p/1219425713'
'CarousellMobile', '7 hours ago', 'iPhone 12 Mini 256GB Blue', 'S$535', 'Well used', 'https://www.carousell.sg/p/1219454977'
'CarousellMobile', '9 hours ago', 'iPhone 12 256GB Green', 'S$634', 'Like new', 'https://www.carousell.sg/p/1219428505'
'CarousellMobile', '7 hours ago', 'iPhone 12 Pro Max 128GB Blue', 'S$790', 'Lightly used', 'https://www.carousell.sg/p/1219458875'
'CarousellMobile', '10 hours ago', 'iPhone 12 64GB Blue', 'S$534', 'Like new', 'https://www.carousell.sg/p/1219417962'
'CarousellMobile', '9 hours ago', 'iPhone 12 Pro Max 128GB Blue', 'S$710', 'Lightly used', 'https://www.carousell.sg/p/1219432347'
'CarousellMobile', '10 hours ago', 'iPhone 12 64GB Purple', 'S$534', 'Like new', 'https://www.carousell.sg/p/1219419281'
'CarousellMobile', '10 hours ago', 'iPhone 12 Pro 256GB Pacific Blue', 'S$754', 'Like new', 'https://www.carousell.sg/p/1219421555'
'CarousellMobile', '9 hours ago', 'iPhone 12 Pro Max 256GB Pacific Blue', 'S$760', 'Well used', 'https://www.carousell.sg/p/1219425263'
'CarousellMobile', '12 hours ago', 'iPhone 12 256GB Red', 'S$629', 'Lightly used', 'https://www.carousell.sg/p/1219396623'
'CarousellMobile', '10 hours ago', 'iPhone Pro Max 256GB Pacific Blue', 'S$844', 'Like new', 'https://www.carousell.sg/p/1219413917'
'CarousellMobile', '10 hours ago', 'iPhone 12 Mini 64GB Green', 'S$514', 'Like new', 'https://www.carousell.sg/p/1219414732'
'CarousellMobile', '12 hours ago', 'iPhone 12 256GB Black', 'S$629', 'Lightly used', 'https://www.carousell.sg/p/1219392740'
'CarousellMobile', '11 hours ago', 'iPhone 12 Pro Max 128GB Whtie', 'S$795', 'Like new', 'https://www.carousell.sg/p/1219404819'
'CarousellMobile', '10 hours ago', 'iPhone 12 Pro Max 256GB Gold', 'S$844', 'Like new', 'https://www.carousell.sg/p/1219424766'
'CarousellMobile', '10 hours ago', 'iPhone 12 Pro Max 256GB Pacific Blue', 'S$844', 'Like new', 'https://www.carousell.sg/p/1219416561'
'CarousellMobile', '10 hours ago', 'iPhone 12 Pro Max 128GB Blue', 'S$795', 'Like new', 'https://www.carousell.sg/p/1219421116'
'CarousellMobile', '12 hours ago', 'iPhone 12 Pro Max 256GB Pacific Blue', 'S$844', 'Like new', 'https://www.carousell.sg/p/1219400158'
'CarousellMobile', '10 hours ago', 'iPhone 12 Pro Max 128GB Graphite', 'S$795', 'Like new', 'https://www.carousell.sg/p/1219413300'
'CarousellMobile', '11 hours ago', 'iPhone 12 Pro Max 128GB Blue', 'S$795', 'Like new', 'https://www.carousell.sg/p/1219411201'
'CarousellMobile', '10 hours ago', 'iPhone 12 Pro Max 512GB Pacific Blue', 'S$895', 'Like new', 'https://www.carousell.sg/p/1219418122'
'CarousellMobile', '11 hours ago', 'iPhone 12 Pro Max 128GB Blue', 'S$795', 'Like new', 'https://www.carousell.sg/p/1219408707'
'CarousellMobile', '12 hours ago', 'iPhone 12 Pro Max 256GB Graphite', 'S$844', 'Like new', 'https://www.carousell.sg/p/1219401039'
'CarousellMobile', '12 hours ago', 'iPhone 12 Pro Max 256GB Gold', 'S$839', 'Lightly used', 'https://www.carousell.sg/p/1219396350'
'CarousellMobile', '11 hours ago', 'iPhone 12 Pro Max 128GB Gold', 'S$795', 'Like new', 'https://www.carousell.sg/p/1219406951'
'CarousellMobile', '12 hours ago', 'iPhone 12 Pro Max 256GB Pacific Blue', 'S$844', 'Like new', 'https://www.carousell.sg/p/1219392809'
'CarousellMobile', '12 hours ago', 'iPhone 12 Pro Max 256GB Pacific Blue', 'S$844', 'Like new', 'https://www.carousell.sg/p/1219399245'
'CarousellMobile', '13 hours ago', 'iPhone 12 64GB Blue', 'S$534', 'Like new', 'https://www.carousell.sg/p/1219390280'
'CarousellMobile', '13 hours ago', 'iPhone 12 Pro Max 256GB Pacific Blue', 'S$844', 'Like new', 'https://www.carousell.sg/p/1219389946'
'CarousellMobile', '13 hours ago', 'iPhone 12 64GB White', 'S$481', 'Well used', 'https://www.carousell.sg/p/1219387016'
'CarousellMobile', '13 hours ago', 'iPhone 12 128GB Green', 'S$595', 'Like new', 'https://www.carousell.sg/p/1219386684'
'alan8587', '13 hours ago', 'Iphone 12 128gb #6926', 'S$600', 'Lightly used', 'https://www.carousell.sg/p/1219385957'
'CarousellMobile', '13 hours ago', 'iPhone 12 Pro Max 128GB Blue', 'S$795', 'Like new', 'https://www.carousell.sg/p/1219384107'
'thegoldfish', '13 hours ago', 'iPhone 12 Pro Max', 'S$820', 'Like new', 'https://www.carousell.sg/p/1219381201'
'CarousellMobile', '14 hours ago', 'iPhone 12 64GB White', 'S$534', 'Like new', 'https://www.carousell.sg/p/1219378676'
'alan8587', '14 hours ago', 'Iphone 12 pro 512gb #6422', 'S$880', 'Lightly used', 'https://www.carousell.sg/p/1219377571'
'sophiagf', '14 hours ago', 'iPhone 12 Pro 128GB', 'S$700', 'Well used', 'https://www.carousell.sg/p/1219375034'
'redantz', '15 hours ago', 'iPhone 12 mini 128GB white (batt 86%)', 'S$468', 'Well used', 'https://www.carousell.sg/p/1219368012'
'CarousellMobile', '14 hours ago', 'iPhone 12 Pro Max 256GB Gold', 'S$844', 'Like new', 'https://www.carousell.sg/p/1219371602'
'redantz', '15 hours ago', 'iPhone 12 mini 128GB Blue (batt 85%)', 'S$478', 'Lightly used', 'https://www.carousell.sg/p/1219366892'
'god_of_toreba', '15 hours ago', 'IPhone 12 Pro Max 256GB', 'S$750', 'S$800', 'Lightly used', 'https://www.carousell.sg/p/1211350335'
'CarousellMobile', '14 hours ago', 'iPhone 12 Pro Max 128GB Graphite', 'S$795', 'Like new', 'https://www.carousell.sg/p/1219375731'
'CarousellMobile', '14 hours ago', 'iPhone 12 Pro Max 256GB Pacific Blue', 'S$844', 'Like new', 'https://www.carousell.sg/p/1219375592'
'CarousellMobile', '14 hours ago', 'iPhone 12 Pro Max 128GB Blue', 'S$795', 'Like new', 'https://www.carousell.sg/p/1219372996'
'CarousellMobile', '14 hours ago', 'iPhone 12 promax 256GB Gold', 'S$844', 'Like new', 'https://www.carousell.sg/p/1219372159'
'jasmine.jjpyy', '16 hours ago', 'iPhone 12 Pro Max 128GB', 'S$830', 'Like new', 'https://www.carousell.sg/p/1219360952'
'jaijayanth86000', '18 hours ago', 'Iphone 12 mini 64gp', 'S$399', 'Like new', 'https://www.carousell.sg/p/1219355257'
'alexyap2000', '18 hours ago', 'iPhone 12 Pro Max 512GB', 'S$980', 'Like new', 'https://www.carousell.sg/p/1218000610'
'adeltkl', '22 hours ago', 'iPhone 12 Pro 256G', 'S$750', 'Like new', 'https://www.carousell.sg/p/1207158608'
'sczjsczj', '22 hours ago', 'WTS IPHONE 12 PRO MAX 256GB WITH SCREEN/CAMERA/BACK PROTECTOR', 'S$900', 'Like new', 'https://www.carousell.sg/p/1219346753'
'marvin.homme', '23 hours ago', 'iPhone 12 Pro, 128gb', 'S$650', 'Well used', 'https://www.carousell.sg/p/1219342425'
'alan8587', '15 hours ago', 'Iphone 12 pro max 128gb #4167', 'S$856', 'Well used', 'https://www.carousell.sg/p/1216753694'
'alan8587', '15 hours ago', 'Iphone 12 mini 128gb #5631', 'S$550', 'Lightly used', 'https://www.carousell.sg/p/1218610371'
'alan8587', '15 hours ago', 'Iphone 12 128gb #0010', 'S$600', 'Lightly used', 'https://www.carousell.sg/p/1217480552'
'woneunchan', '1 day ago', 'Iphone 12 mini white 256g', 'S$550', 'Lightly used', 'https://www.carousell.sg/p/1219337763'
'shyan.nnn', '1 day ago', 'iPhone 12 pro max', 'S$750', 'Well used', 'https://www.carousell.sg/p/1219330006'
'davey_f', '1 day ago', 'iPhone 12 mimi - 128g', 'S$490', 'Lightly used', 'https://www.carousell.sg/p/1219329785'
'mms83', '1 day ago', 'Iphone 12 pro', 'S$690', 'Like new', 'https://www.carousell.sg/p/1219329049'
'gilbert.ong.180', '1 day ago', 'iPhone 12 Pro Max', 'S$765', 'Like new', 'https://www.carousell.sg/p/1219328987'
'theend', '1 day ago', 'iPhone 12 Pro Max 128GB', 'S$850', 'Like new', 'https://www.carousell.sg/p/1219328277'
'ofelia3271', '1 day ago', 'iPhone 12 Red 128 GB', 'S$599', 'Like new', 'https://www.carousell.sg/p/1219326821'
'ttech', '1 day ago', 'IPHONE 12 PRO MAX 256GB', 'S$720', 'Well used', 'https://www.carousell.sg/p/1219326704'
'jovinwang98-93900', '1 day ago', 'iPhone 12 Pro 256GB (Gold)', 'S$700', 'Like new', 'https://www.carousell.sg/p/1219326547'
'rinnilii', '1 day ago', 'iPhone 12', 'S$595', 'Lightly used', 'https://www.carousell.sg/p/1219324786'
't.www', '1 day ago', 'iPhone 12 Pro Max 512GB', 'S$980', 'Well used', 'https://www.carousell.sg/p/1219321267'
'aaravv', '1 day ago', 'iPhone 12 Pro', 'S$900', 'Like new', 'https://www.carousell.sg/p/1219320575'
'yitming.toh', '1 day ago', 'iPhone 12 Pro 256GB', 'S$700', 'Lightly used', 'https://www.carousell.sg/p/1219318297'
'cheeky.cheek', '1 day ago', 'iPhone 12 Pro Max 128GB Gold', 'S$800', 'Like new', 'https://www.carousell.sg/p/1219317643'
'secretlydelirious', '2 months ago', 'iPhone 12 Pro Pacific Blue 128GB', 'S$700', 'Lightly used', 'https://www.carousell.sg/p/1207691902'
'vivian1307', '1 day ago', 'iPhone 12 Pro 128Gb', 'S$700', 'Like new', 'https://www.carousell.sg/p/1219311409'
'h.dty', '1 day ago', 'iPhone 12 purple 128GB', 'S$590', 'Lightly used', 'https://www.carousell.sg/p/1219309618'
'Justin1028', '1 day ago', 'iPhone 12 Promax 512gb blue', 'S$968', 'Like new', 'https://www.carousell.sg/p/1219307601'
'mahabubmoh32510', '1 day ago', 'iPhone 12 Pro 256GB', 'S$800', 'Lightly used', 'https://www.carousell.sg/p/1219299319'
'ngsu11', '1 day ago', 'IPhone 12 128GB', 'S$300', 'Like new', 'https://www.carousell.sg/p/1219293593'
'delianggggg', '1 day ago', 'iPhone 12 Pro Max 512GB', 'S$888', 'Like new', 'https://www.carousell.sg/p/1219292168'
'shopwithlove13', '1 day ago', 'Iphone 12 Pro Max 128GB Graphite', 'S$780', 'Like new', 'https://www.carousell.sg/p/1219291855'
'mobilerelation.com.sg', '1 day ago', 'iPhone 12 64GB Purple #2538', 'S$539', 'Lightly used', 'https://www.carousell.sg/p/1219285495'
'mobilerelation.com.sg', '1 day ago', '{Kensington} Apple iPhone 12 Mini 128GB White #1298', 'S$479', 'Like new', 'https://www.carousell.sg/p/1219283416'
'mymobilehouse', '1 day ago', 'IPhone 12 256GB ZP/A | InstantBuy $632.96 | Atome Installments | Atome Payment | Monthly $229.33 | 403251', 'S$688', 'Like new', 'https://www.carousell.sg/p/1219281663'
'mymobilehouse', '1 day ago', 'IPhone 12 128GB ZP/A | InstantBuy 586.96| Atome Installments | Atome Payment | Monthly $212.66 | 840742', 'S$638', 'Like new', 'https://www.carousell.sg/p/1219274993'
'mobilerelation.com.sg', '3 days ago', 'iPhone 12 Pro Max 256GB Pacific Blue #2456', 'S$799', 'Lightly used', 'https://www.carousell.sg/p/1218862256'
'mymobilehouse', '1 day ago', 'IPhone 12 128GB ZP/A | InstantBuy $586.96 | Atome Installments | Atome Payment | Monthly $212.66 | 458119', 'S$638', 'Lightly used', 'https://www.carousell.sg/p/1219269249'
'mistermobile', '1 day ago', 'iPhone 12 64 64GB Green Local Used Set', 'S$568', 'Like new', 'https://www.carousell.sg/p/1219259589'
'mistermobile', '1 day ago', 'iPhone 12 64 64GB Green Export Used Set', 'S$568', 'Like new', 'https://www.carousell.sg/p/1219258739'
'mymobilehouse', '1 day ago', 'IPhone 12 128GB ZP/A | InstantBuy $550.16| Atome Installments | Atome Payment | Monthly $199.33 | 377172', 'S$598', 'Well used', 'https://www.carousell.sg/p/1219268099'
'mistermobile', '1 day ago', 'iPhone 12 64 64GB Green Export Used Set', 'S$568', 'Like new', 'https://www.carousell.sg/p/1219256288'
'mistermobile', '1 day ago', 'iPhone 12 64 64GB White Export Used Set', 'S$568', 'Like new', 'https://www.carousell.sg/p/1219255351'
'mymobilehouse', '1 day ago', 'IPhone 12 128GB ZP/A | InstantBuy $586.96| Atome Installments | Atome Payment | Monthly $212.66 | 152553', 'S$638', 'Like new', 'https://www.carousell.sg/p/1219250950'
'mistermobile', '1 day ago', 'iPhone 12 64 64GB White Export Used Set', 'S$568', 'Like new', 'https://www.carousell.sg/p/1219253277'
'mistermobile', '1 day ago', 'iPhone 12 64 64GB White Export Used Set', 'S$568', 'Like new', 'https://www.carousell.sg/p/1219251961'
'mymobilehouse', '1 day ago', 'IPhone 12 Pro 128GB ZP/A | InstantBuy $697.36 | Atome Installments | Atome Payment | Monthly $252.66 | 417788', 'S$758', 'Like new', 'https://www.carousell.sg/p/1219246041'
'mobilerelation.com.sg', '1 day ago', '„ÄêOXLEY„Äë iPhone 12 Pro 256GB Pacific Blue „ÄåWithout Box $20 Discounted„Äç #3395', 'S$699', 'Well used', 'https://www.carousell.sg/p/1219245707'
'mistermobile', '1 day ago', 'iPhone 12 64 64GB White Export Used Set', 'S$568', 'Like new', 'https://www.carousell.sg/p/1219251058'
'mistermobile', '1 day ago', 'iPhone 12 64 64GB White Export Used Set', 'S$568', 'Like new', 'https://www.carousell.sg/p/1219249429'
'mobilerelation.com.sg', '1 day ago', '„ÄêOXLEY„Äë iPhone 12 Pro Max 256GB Pacific Blue #3394', 'S$839', 'Like new', 'https://www.carousell.sg/p/1219243944'
'mobilerelation.com.sg', '1 day ago', '„ÄêOXLEY„ÄëiPhone 12 Pro 256GB Graphite #3393', 'S$759', 'Like new', 'https://www.carousell.sg/p/1219243045'
'mistermobile', '1 day ago', 'iPhone 12 64 64GB Purple Export Used Set', 'S$568', 'Like new', 'https://www.carousell.sg/p/1219248075'
'mistermobile', '1 day ago', 'iPhone 12 64 64GB White Local Used Set', 'S$568', 'Like new', 'https://www.carousell.sg/p/1219245833'
'mymobilehouse', '1 day ago', 'IPhone 12 Pro 128GB ZP/A | InstantBuy $642.16 | Atome Installments | Atome Payment | Monthly $232.66 | 250083', 'S$698', 'Lightly used', 'https://www.carousell.sg/p/1219239332'
'mobilerelation.com.sg', '1 day ago', 'iPhone 12 Pro Max 128GB Blue #2485', 'S$739', 'Like new', 'https://www.carousell.sg/p/1219238172'
'mistermobile', '1 day ago', 'iPhone 12 64 64GB Purple Export Used Set', 'S$568', 'Like new', 'https://www.carousell.sg/p/1219244776'
'mistermobile', '1 day ago', 'iPhone 12 64 64GB Purple Local Used Set', 'S$568', 'Like new', 'https://www.carousell.sg/p/1219239391'
'mobilerelation.com.sg', '1 day ago', '„ÄêOXLEY„Äë iPhone 12 Pro 256GB Gold (Without Box $20 Discounted) #3389', 'S$729', 'Like new', 'https://www.carousell.sg/p/1219235455'
'mymobilehouse', '1 day ago', 'IPhone 12 Pro 256GB ZP/A | InstantBuy $761.76| Atome Installments | Atome Payment | Monthly $276 | 212309', 'S$828', 'Like new', 'https://www.carousell.sg/p/1219233964'
'mistermobile', '1 day ago', 'iPhone 12 Pro 512 512GB Gold Local Used Set', 'S$878', 'Like new', 'https://www.carousell.sg/p/1219239152'
'mistermobile', '1 day ago', 'iPhone 12 Pro 256 256GB Graphite Local Used Set', 'S$818', 'Like new', 'https://www.carousell.sg/p/1219238608'
'mobilerelation.com.sg', '1 day ago', 'iPhone 12 Pro 128GB Blue #2483', 'S$679', 'Like new', 'https://www.carousell.sg/p/1219233241'
'mobilerelation.com.sg', '1 day ago', '„ÄêOXLEY„ÄëiPhone 12 Pro 512GB Pacific Blue #3387', 'S$789', 'Like new', 'https://www.carousell.sg/p/1219228339'
'mistermobile', '1 day ago', 'iPhone 12 64 64GB Purple Export Used Set', 'S$568', 'Like new', 'https://www.carousell.sg/p/1219236173'
'mistermobile', '1 day ago', 'iPhone 12 64 64GB Red Export Used Set', 'S$568', 'Like new', 'https://www.carousell.sg/p/1219235018'
'mymobilehouse', '1 day ago', 'IPhone 12 Pro 256GB ZP/A | InstantBuy $761.76 | Atome Installments | Atome Payment | Monthly $276 | 347608', 'S$828', 'Lightly used', 'https://www.carousell.sg/p/1219227791'
'mobilerelation.com.sg', '1 day ago', '„ÄêOXLEY„Äë iPhone 12 Pro Max 256GB Pacific Blue „ÄåBattery Service $70 Discounted„Äç #3386', 'S$769', 'Like new', 'https://www.carousell.sg/p/1219222164'
'mistermobile', '1 day ago', 'iPhone 12 64 64GB Red Export Used Set', 'S$568', 'Like new', 'https://www.carousell.sg/p/1219234262'
'mymobilehouse', '1 day ago', 'IPhone 12 Pro 256GB ZP/A | InstantBuy $761.76| Atome Installments | Atome Payment | Monthly $276 | 812519', 'S$828', 'Like new', 'https://www.carousell.sg/p/1219221425'
'mymobilehouse', '1 day ago', 'IPhone 12 Pro 256GB ZP/A | InstantBuy $761.76| Atome Installments | Atome Payment | Monthly $276 | 814695', 'S$828', 'Like new', 'https://www.carousell.sg/p/1219216169'
'vi_mobile', '1 day ago', 'Used iPhone 12 Pro 256GB Pacific Blue', 'S$750', 'Like new', 'https://www.carousell.sg/p/1219215181'
'mymobilehouse', '1 day ago', 'IPhone 12 Pro 512GB J/A | InstantBuy $789.36| Atome Installments | Atome Payment | Monthly $286 | 189072', 'S$858', 'Lightly used', 'https://www.carousell.sg/p/1219210097'
'mobilerelation.com.sg', '2 days ago', '„ÄêOXLEY„ÄëiPhone 12 Mini 64GB White (Export Set) #2522', 'S$439', 'Lightly used', 'https://www.carousell.sg/p/1219197742'
'alan8587', '2 days ago', 'Iphone 12 pro max 256gb #4128', 'S$870', 'Lightly used', 'https://www.carousell.sg/p/1219182297'
'mymobilehouse', '2 days ago', 'Dual Sim IPhone 12 Pro Max 128GB ZP/A | InstantBuy $844.56 | Atome Installments | Atome Payment | Monthly $306 | 246380', 'S$918', 'Like new', 'https://www.carousell.sg/p/1219087298'
'mymobilehouse', '2 days ago', 'Dual Sim IPhone 12 Pro Max 128GB ZA/A | InstantBuy $844.56 | Atome Installments | Atome Payment | Monthly $306 | 856975', 'S$918', 'Like new', 'https://www.carousell.sg/p/1219083490'
'alan8587', '2 days ago', 'Iphone 12 64gb #8472', 'S$450', 'Well used', 'https://www.carousell.sg/p/1219071853'
'mymobilehouse', '2 days ago', 'Dual Sim IPhone 12 Pro Max 256GB ZA/A | InstantBuy $908.96| Atome Installments | Atome Payment | Monthly $392.33 | 678173', 'S$988', 'Like new', 'https://www.carousell.sg/p/1219069815'
'mobilerelation.com.sg', '2 days ago', '{Kensington} Apple iPhone 12 64GB Green | Battery Health 88% #1185', 'S$539', 'Lightly used', 'https://www.carousell.sg/p/1219061295'
'mymobilehouse', '2 days ago', 'Dual Sim IPhone 12 Pro Max 256GB ZA/A | InstantBuy $908.96 | Atome Installments | Atome Payment | Monthly $392.33 | 522528', 'S$988', 'Like new', 'https://www.carousell.sg/p/1219066269'
'mymobilehouse', '2 days ago', 'Dual Sim IPhone 12 Pro Max 256GB ZA/A | InstantBuy $908.96 | Atome Installments | Atome Payment | Monthly $392.33 | 832213', 'S$988', 'Like new', 'https://www.carousell.sg/p/1219059642'
'mobilerelation.com.sg', '2 days ago', '„ÄêOXLEY„Äë iPhone 12 128GB Black #3334', 'S$589', 'Like new', 'https://www.carousell.sg/p/1219029555'
'mobilerelation.com.sg', '2 days ago', 'iPhone 12Pro 256GB Gold #2526', 'S$729', 'Like new', 'https://www.carousell.sg/p/1219020823'
'mymobilehouse', '2 days ago', 'Dual Sim IPhone 12 Pro Max 256GB ZA/A | InstantBuy $908.96 | Atome Installments | Atome Payment | Monthly $392.33 | 690983', 'S$988', 'Like new', 'https://www.carousell.sg/p/1219055012'
'mymobilehouse', '2 days ago', 'Dual Sim IPhone 12 Pro Max 256GB ZA/A | InstantBuy $908.96 | Atome Installments | Atome Payment | Monthly $329.33 | 578496', 'S$988', 'Like new', 'https://www.carousell.sg/p/1219052310'
'gwmobile.sg', '2 days ago', 'IPhone 12 pro max 128GB Graphite 9855', 'S$819', 'Like new', 'https://www.carousell.sg/p/1219020215'
'gwmobile.sg', '2 days ago', 'IPHONE 12 PRO 256GB GRAPHITE 11822', 'S$819', 'Like new', 'https://www.carousell.sg/p/1219014229'
'gwmobile.sg', '2 days ago', 'IPHONE 12 MINI 64GB WHITE 11795', 'S$519', 'Like new', 'https://www.carousell.sg/p/1219012794'
'gwmobile.sg', '2 days ago', 'IPHONE 12 64GB RED 11798', 'S$509', 'Well used', 'https://www.carousell.sg/p/1219012134'
'mobilerelation.com.sg', '2 days ago', 'iPhone 12 mini 256GB Blue #2464', 'S$499', 'Lightly used', 'https://www.carousell.sg/p/1219004881'
'mobilerelation.com.sg', '2 days ago', '[AMK]IPHONE 12 256gb #0111', 'S$639', 'Like new', 'https://www.carousell.sg/p/1219001874'
'mobilerelation.com.sg', '3 days ago', '„ÄêOXLEY„Äë iPhone 12 128GB Black „ÄåCamera Ring Paint Peel & Light Dent $80 discounted„Äç #3380', 'S$499', 'Well used', 'https://www.carousell.sg/p/1218998467'
'alan8587', '3 days ago', 'Iphone 12 pro max 256gb #4009', 'S$850', 'Lightly used', 'https://www.carousell.sg/p/1218993393'
'alan8587', '3 days ago', 'Iphone 12 128gb #6691', 'S$600', 'Lightly used', 'https://www.carousell.sg/p/1218992287'
'gwmobile.sg', '3 days ago', 'IPHONE 12 PRO 256GB SILVER 11852', 'S$819', 'Like new', 'https://www.carousell.sg/p/1218986417'
'mobilerelation.com.sg', '3 days ago', '„ÄêOXLEY„Äë iPhone 12 128GB Black „ÄåBattery Health 89%„Äç #3371', 'S$569', 'Lightly used', 'https://www.carousell.sg/p/1218985817'
'alan8587', '3 days ago', 'iPhone 12 Pro Max 256GB #0939', 'S$830', 'Like new', 'https://www.carousell.sg/p/1218402015'
'alan8587', '3 days ago', 'Iphone 12 64gb #9188', 'S$560', 'Lightly used', 'https://www.carousell.sg/p/1218799897'
'litemobile_mobile_repair', '3 days ago', 'IPhone 12 128GB Used | Purple | 87% Battery Health | Local Singapore Set üá∏üá¨ #LM06 #1147', 'S$578', 'Like new', 'https://www.carousell.sg/p/1218955010'
'mobilerelation.com.sg', '3 days ago', 'iPhone 12 Pro 128GB Pacific Blue #2519', 'S$679', 'Lightly used', 'https://www.carousell.sg/p/1218885992'
'gwmobile.sg', '3 days ago', 'DUAL SIM IPHONE 12 PRO MAX 256GB GOLD 13346', 'S$899', 'Well used', 'https://www.carousell.sg/p/1218885005'
'gwmobile.sg', '3 days ago', 'DUAL SIM IPHONE 12 PRO MAX 256GB BLUE 13347', 'S$959', 'Lightly used', 'https://www.carousell.sg/p/1218884656'
'mobilerelation.com.sg', '3 days ago', '„ÄêOXLEY„Äë iPhone 12 Pro Max 256GB Gold „ÄåBattery Health 87%„Äç(Without Box $20 Discounted) #3292', 'S$819', 'Like new', 'https://www.carousell.sg/p/1218869833'
'Mobilesquare', '3 days ago', 'Apple iPhone 12 Pro Max (256GB) | 10% OFF for Cash Payment | #U3579 | USED |', 'S$998', 'Like new', 'https://www.carousell.sg/p/1218866844'
'Mobilesquare', '3 days ago', 'Apple iPhone 12 Pro Max (256GB) | 10% OFF for Cash Payment | #U3577 | USED |', 'S$998', 'Like new', 'https://www.carousell.sg/p/1218865539'
'Mobilesquare', '3 days ago', 'Apple iPhone 12 (64GB) | 10% OFF for Cash Payment | #U3576 | USED |', 'S$688', 'Like new', 'https://www.carousell.sg/p/1218864937'
'davey_f', '1 day ago', 'iPhone 12 mimi - 128g', 'S$490', 'Lightly used', 'https://www.carousell.sg/p/1219329785'
'mms83', '1 day ago', 'Iphone 12 pro', 'S$690', 'Like new', 'https://www.carousell.sg/p/1219329049'
'gilbert.ong.180', '1 day ago', 'iPhone 12 Pro Max', 'S$765', 'Like new', 'https://www.carousell.sg/p/1219328987'
'theend', '1 day ago', 'iPhone 12 Pro Max 128GB', 'S$850', 'Like new', 'https://www.carousell.sg/p/1219328277'
'ofelia3271', '1 day ago', 'iPhone 12 Red 128 GB', 'S$599', 'Like new', 'https://www.carousell.sg/p/1219326821'
'ttech', '1 day ago', 'IPHONE 12 PRO MAX 256GB', 'S$720', 'Well used', 'https://www.carousell.sg/p/1219326704'
'jovinwang98-93900', '1 day ago', 'iPhone 12 Pro 256GB (Gold)', 'S$700', 'Like new', 'https://www.carousell.sg/p/1219326547'
'rinnilii', '1 day ago', 'iPhone 12', 'S$595', 'Lightly used', 'https://www.carousell.sg/p/1219324786'
't.www', '1 day ago', 'iPhone 12 Pro Max 512GB', 'S$980', 'Well used', 'https://www.carousell.sg/p/1219321267'
'aaravv', '1 day ago', 'iPhone 12 Pro', 'S$900', 'Like new', 'https://www.carousell.sg/p/1219320575'
'yitming.toh', '1 day ago', 'iPhone 12 Pro 256GB', 'S$700', 'Lightly used', 'https://www.carousell.sg/p/1219318297'
'cheeky.cheek', '1 day ago', 'iPhone 12 Pro Max 128GB Gold', 'S$800', 'Like new', 'https://www.carousell.sg/p/1219317643'
'secretlydelirious', '2 months ago', 'iPhone 12 Pro Pacific Blue 128GB', 'S$700', 'Lightly used', 'https://www.carousell.sg/p/1207691902'
'vivian1307', '1 day ago', 'iPhone 12 Pro 128Gb', 'S$700', 'Like new', 'https://www.carousell.sg/p/1219311409'
'h.dty', '1 day ago', 'iPhone 12 purple 128GB', 'S$590', 'Lightly used', 'https://www.carousell.sg/p/1219309618'
'Justin1028', '1 day ago', 'iPhone 12 Promax 512gb blue', 'S$968', 'Like new', 'https://www.carousell.sg/p/1219307601'
'mahabubmoh32510', '1 day ago', 'iPhone 12 Pro 256GB', 'S$800', 'Lightly used', 'https://www.carousell.sg/p/1219299319'
'ngsu11', '1 day ago', 'IPhone 12 128GB', 'S$300', 'Like new', 'https://www.carousell.sg/p/1219293593'
'delianggggg', '1 day ago', 'iPhone 12 Pro Max 512GB', 'S$888', 'Like new', 'https://www.carousell.sg/p/1219292168'
'shopwithlove13', '1 day ago', 'Iphone 12 Pro Max 128GB Graphite', 'S$780', 'Like new', 'https://www.carousell.sg/p/1219291855'
'krbeauty', '1 day ago', 'Iphone 12 / 12pro tempered glass', 'S$4', 'Brand new', 'https://www.carousell.sg/p/1219286868'